num,corner,vdd,temp,gbw,pm,av0p1hz,cmrr0p1hz,psrr0p1hz,idd,vos
0,tt,3.3,25,2.55703E+06,65.9751,108.381,131.547,64.791,-0.00026609,-3.65156E-05
1,ss,3.0,-40,3.11386E+06,66.2895,111.606,96.6274,55.3347,-0.000259881,-0.000578214
2,ff,3.0,-40,3.13319E+06,66.2048,110.573,102.503,60.9804,-0.000264692,-0.000331491
3,sf,3.0,-40,3.10953E+06,66.5194,111.047,91.2842,48.7296,-0.000260501,-0.000762234
